,uuid,country_code,rural,normalized_job_code,title,parent_uuid,Country
0,54f0f1c0-dda1-0133-a559-0a81e8b09a82,AT,urban,861a9b9151e11362eb3c77ca914172d0,Automatic Data Processing Planner,0148f61d4227497728ce33490843d056,Austria
1,cf24ed60-da3f-0133-0034-0a81e8b09a82,AT,rural,861a9b9151e11362eb3c77ca914172d0,Automatic Data Processing Planner,0148f61d4227497728ce33490843d056,Austria
2,68eace50-db46-0133-97f7-0a81e8b09a82,AT,urban,fcaf4aac737e53ad24b9f32f08b8740f,Computer or Data Processing Systems Consultant,0148f61d4227497728ce33490843d056,Austria
3,11c61a10-de3d-0133-6041-0a81e8b09a82,AT,urban,fcaf4aac737e53ad24b9f32f08b8740f,Computer or Data Processing Systems Consultant,0148f61d4227497728ce33490843d056,Austria
4,5eaadd90-da5a-0133-3d70-0a81e8b09a82,AT,rural,fcaf4aac737e53ad24b9f32f08b8740f,Computer or Data Processing Systems Consultant,0148f61d4227497728ce33490843d056,Austria
5,5441c1d0-d9a6-0133-55bc-0a81e8b09a82,AT,urban,b24ece3300d2f8ab34f9553e531183d6,Data Processing Systems Project Planner,0148f61d4227497728ce33490843d056,Austria
6,9ffc7390-dba5-0133-259b-0a81e8b09a82,BE,rural,861a9b9151e11362eb3c77ca914172d0,Automatic Data Processing Planner,0148f61d4227497728ce33490843d056,Belgium
7,a6361230-da58-0133-cd5a-0a81e8b09a82,BE,urban,861a9b9151e11362eb3c77ca914172d0,Automatic Data Processing Planner,0148f61d4227497728ce33490843d056,Belgium
8,c9337360-db95-0133-d531-0a81e8b09a82,BE,urban,b24ece3300d2f8ab34f9553e531183d6,Data Processing Systems Project Planner,0148f61d4227497728ce33490843d056,Belgium
9,9b1600f0-da4b-0133-27da-0a81e8b09a82,BE,urban,b24ece3300d2f8ab34f9553e531183d6,Data Processing Systems Project Planner,0148f61d4227497728ce33490843d056,Belgium
10,bc0ccb80-ddf7-0133-2628-0a81e8b09a82,BE,rural,894ca61c22718617c7e2404f582153da,Data Processing Consultant,0148f61d4227497728ce33490843d056,Belgium
11,9e43e5c0-dac1-0133-c6fc-0a81e8b09a82,BE,urban,e7b3e1c6a32c7247cd4857e4c3574165,Data Processing Systems Analyst,0148f61d4227497728ce33490843d056,Belgium
12,01650240-da8e-0133-cc2e-0a81e8b09a82,BE,urban,e7b3e1c6a32c7247cd4857e4c3574165,Data Processing Systems Analyst,0148f61d4227497728ce33490843d056,Belgium
13,1e2b4750-d987-0133-3c7c-0a81e8b09a82,BG,urban,861a9b9151e11362eb3c77ca914172d0,Automatic Data Processing Planner,0148f61d4227497728ce33490843d056,Bulgaria
14,ae2fbd30-d983-0133-7bb8-0a81e8b09a82,BG,urban,fcaf4aac737e53ad24b9f32f08b8740f,Computer or Data Processing Systems Consultant,0148f61d4227497728ce33490843d056,Bulgaria
15,04852950-d9d4-0133-cf28-0a81e8b09a82,BG,urban,e7b3e1c6a32c7247cd4857e4c3574165,Data Processing Systems Analyst,0148f61d4227497728ce33490843d056,Bulgaria
16,bab06240-d9aa-0133-4b6a-0a81e8b09a82,BG,urban,e7b3e1c6a32c7247cd4857e4c3574165,Data Processing Systems Analyst,0148f61d4227497728ce33490843d056,Bulgaria
17,c878db70-d9a7-0133-5c31-0a81e8b09a82,CZ,urban,861a9b9151e11362eb3c77ca914172d0,Automatic Data Processing Planner,0148f61d4227497728ce33490843d056,Czechia
18,cb5b3bb0-d952-0133-68a1-0a81e8b09a82,CZ,urban,861a9b9151e11362eb3c77ca914172d0,Automatic Data Processing Planner,0148f61d4227497728ce33490843d056,Czechia
19,c09c6b20-d970-0133-93bf-0a81e8b09a82,CZ,rural,fcaf4aac737e53ad24b9f32f08b8740f,Computer or Data Processing Systems Consultant,0148f61d4227497728ce33490843d056,Czechia
20,0434c490-da2d-0133-7ec8-0a81e8b09a82,CZ,urban,fcaf4aac737e53ad24b9f32f08b8740f,Computer or Data Processing Systems Consultant,0148f61d4227497728ce33490843d056,Czechia
21,ceb293e0-d8c8-0133-a083-0a81e8b09a82,CZ,urban,fcaf4aac737e53ad24b9f32f08b8740f,Computer or Data Processing Systems Consultant,0148f61d4227497728ce33490843d056,Czechia
22,5ea2d630-da72-0133-ce34-0a81e8b09a82,CZ,rural,b24ece3300d2f8ab34f9553e531183d6,Data Processing Systems Project Planner,0148f61d4227497728ce33490843d056,Czechia
23,1ceff180-da37-0133-7b07-0a81e8b09a82,CZ,rural,b24ece3300d2f8ab34f9553e531183d6,Data Processing Systems Project Planner,0148f61d4227497728ce33490843d056,Czechia
24,384aee20-d963-0133-41fb-0a81e8b09a82,CZ,rural,e7b3e1c6a32c7247cd4857e4c3574165,Data Processing Systems Analyst,0148f61d4227497728ce33490843d056,Czechia
25,81011ad0-d998-0133-7b32-0a81e8b09a82,CZ,urban,e7b3e1c6a32c7247cd4857e4c3574165,Data Processing Systems Analyst,0148f61d4227497728ce33490843d056,Czechia
26,f04d8f80-d98a-0133-a33c-0a81e8b09a82,CZ,urban,e7b3e1c6a32c7247cd4857e4c3574165,Data Processing Systems Analyst,0148f61d4227497728ce33490843d056,Czechia
27,28de2470-dcc0-0133-4e03-0a81e8b09a82,DE,urban,861a9b9151e11362eb3c77ca914172d0,Automatic Data Processing Planner,0148f61d4227497728ce33490843d056,Germany
28,02125970-de61-0133-ffbb-0a81e8b09a82,DE,urban,861a9b9151e11362eb3c77ca914172d0,Automatic Data Processing Planner,0148f61d4227497728ce33490843d056,Germany
29,cf948390-da7a-0133-872a-0a81e8b09a82,DE,rural,861a9b9151e11362eb3c77ca914172d0,Automatic Data Processing Planner,0148f61d4227497728ce33490843d056,Germany
30,75735db0-da5a-0133-3e20-0a81e8b09a82,DE,urban,861a9b9151e11362eb3c77ca914172d0,Automatic Data Processing Planner,0148f61d4227497728ce33490843d056,Germany
31,4fd34040-da47-0133-1219-0a81e8b09a82,DE,rural,861a9b9151e11362eb3c77ca914172d0,Automatic Data Processing Planner,0148f61d4227497728ce33490843d056,Germany
32,36e08e00-db8f-0133-dd8a-0a81e8b09a82,DE,urban,861a9b9151e11362eb3c77ca914172d0,Automatic Data Processing Planner,0148f61d4227497728ce33490843d056,Germany
33,7fa98ad0-dcbe-0133-3364-0a81e8b09a82,DE,rural,861a9b9151e11362eb3c77ca914172d0,Automatic Data Processing Planner,0148f61d4227497728ce33490843d056,Germany
34,fa27a1e0-da4f-0133-c3c3-0a81e8b09a82,DE,urban,861a9b9151e11362eb3c77ca914172d0,Automatic Data Processing Planner,0148f61d4227497728ce33490843d056,Germany
35,a170e9b0-dcb9-0133-0bdc-0a81e8b09a82,DE,rural,861a9b9151e11362eb3c77ca914172d0,Automatic Data Processing Planner,0148f61d4227497728ce33490843d056,Germany
36,0c397bc0-dae0-0133-2879-0a81e8b09a82,DE,urban,fcaf4aac737e53ad24b9f32f08b8740f,Computer or Data Processing Systems Consultant,0148f61d4227497728ce33490843d056,Germany
37,89d33ae0-d9de-0133-8515-0a81e8b09a82,DE,rural,fcaf4aac737e53ad24b9f32f08b8740f,Computer or Data Processing Systems Consultant,0148f61d4227497728ce33490843d056,Germany
38,9cd8e2b0-d99a-0133-aaa0-0a81e8b09a82,DE,rural,fcaf4aac737e53ad24b9f32f08b8740f,Computer or Data Processing Systems Consultant,0148f61d4227497728ce33490843d056,Germany
39,1623cff0-df31-0133-37ef-0a81e8b09a82,DE,urban,fcaf4aac737e53ad24b9f32f08b8740f,Computer or Data Processing Systems Consultant,0148f61d4227497728ce33490843d056,Germany
40,cfb9c940-da15-0133-9c8f-0a81e8b09a82,DE,rural,fcaf4aac737e53ad24b9f32f08b8740f,Computer or Data Processing Systems Consultant,0148f61d4227497728ce33490843d056,Germany
41,da3662c0-d9b8-0133-d8c0-0a81e8b09a82,DE,urban,fcaf4aac737e53ad24b9f32f08b8740f,Computer or Data Processing Systems Consultant,0148f61d4227497728ce33490843d056,Germany
42,5eeeaf50-da6b-0133-74f5-0a81e8b09a82,DE,rural,fcaf4aac737e53ad24b9f32f08b8740f,Computer or Data Processing Systems Consultant,0148f61d4227497728ce33490843d056,Germany
43,1a73b570-dc29-0133-55b9-0a81e8b09a82,DE,urban,fcaf4aac737e53ad24b9f32f08b8740f,Computer or Data Processing Systems Consultant,0148f61d4227497728ce33490843d056,Germany
44,8f7c20b0-d9ae-0133-2ce2-0a81e8b09a82,DE,urban,fcaf4aac737e53ad24b9f32f08b8740f,Computer or Data Processing Systems Consultant,0148f61d4227497728ce33490843d056,Germany
45,fa2c0d20-dc5e-0133-acf0-0a81e8b09a82,DE,urban,fcaf4aac737e53ad24b9f32f08b8740f,Computer or Data Processing Systems Consultant,0148f61d4227497728ce33490843d056,Germany
46,919d86c0-da5e-0133-69cf-0a81e8b09a82,DE,rural,fcaf4aac737e53ad24b9f32f08b8740f,Computer or Data Processing Systems Consultant,0148f61d4227497728ce33490843d056,Germany
47,fd7b8900-dbc0-0133-d88a-0a81e8b09a82,DE,urban,fcaf4aac737e53ad24b9f32f08b8740f,Computer or Data Processing Systems Consultant,0148f61d4227497728ce33490843d056,Germany
48,b365b780-dba4-0133-2259-0a81e8b09a82,DE,rural,b24ece3300d2f8ab34f9553e531183d6,Data Processing Systems Project Planner,0148f61d4227497728ce33490843d056,Germany
49,437bdd60-db7d-0133-6103-0a81e8b09a82,DE,rural,b24ece3300d2f8ab34f9553e531183d6,Data Processing Systems Project Planner,0148f61d4227497728ce33490843d056,Germany
50,060de960-da72-0133-cbef-0a81e8b09a82,DE,rural,b24ece3300d2f8ab34f9553e531183d6,Data Processing Systems Project Planner,0148f61d4227497728ce33490843d056,Germany
51,40f94420-db9b-0133-aa7f-0a81e8b09a82,DE,urban,b24ece3300d2f8ab34f9553e531183d6,Data Processing Systems Project Planner,0148f61d4227497728ce33490843d056,Germany
52,70598c70-db38-0133-4679-0a81e8b09a82,DE,urban,b24ece3300d2f8ab34f9553e531183d6,Data Processing Systems Project Planner,0148f61d4227497728ce33490843d056,Germany
53,4a40cff0-db0e-0133-82e6-0a81e8b09a82,DE,rural,b24ece3300d2f8ab34f9553e531183d6,Data Processing Systems Project Planner,0148f61d4227497728ce33490843d056,Germany
54,7a2e17a0-d97d-0133-0c72-0a81e8b09a82,DE,rural,b24ece3300d2f8ab34f9553e531183d6,Data Processing Systems Project Planner,0148f61d4227497728ce33490843d056,Germany
55,e76b6810-d8d3-0133-6126-0a81e8b09a82,DE,urban,b24ece3300d2f8ab34f9553e531183d6,Data Processing Systems Project Planner,0148f61d4227497728ce33490843d056,Germany
56,c9f6f340-db4a-0133-dc32-0a81e8b09a82,DE,urban,b24ece3300d2f8ab34f9553e531183d6,Data Processing Systems Project Planner,0148f61d4227497728ce33490843d056,Germany
57,a67b79c0-dd6f-0133-0115-0a81e8b09a82,DE,rural,b24ece3300d2f8ab34f9553e531183d6,Data Processing Systems Project Planner,0148f61d4227497728ce33490843d056,Germany
58,b9c66eb0-daa2-0133-54a4-0a81e8b09a82,DE,urban,894ca61c22718617c7e2404f582153da,Data Processing Consultant,0148f61d4227497728ce33490843d056,Germany
59,35cab7f0-da07-0133-0ba3-0a81e8b09a82,DE,urban,894ca61c22718617c7e2404f582153da,Data Processing Consultant,0148f61d4227497728ce33490843d056,Germany
60,18d86e10-db3d-0133-4678-0a81e8b09a82,DE,urban,894ca61c22718617c7e2404f582153da,Data Processing Consultant,0148f61d4227497728ce33490843d056,Germany
61,5bdf7e60-da8e-0133-cd21-0a81e8b09a82,DE,urban,894ca61c22718617c7e2404f582153da,Data Processing Consultant,0148f61d4227497728ce33490843d056,Germany
62,c602e0c0-db29-0133-cae7-0a81e8b09a82,DE,urban,894ca61c22718617c7e2404f582153da,Data Processing Consultant,0148f61d4227497728ce33490843d056,Germany
63,0a95bdb0-da7a-0133-8082-0a81e8b09a82,DE,rural,894ca61c22718617c7e2404f582153da,Data Processing Consultant,0148f61d4227497728ce33490843d056,Germany
64,d71912d0-dbaf-0133-b6a6-0a81e8b09a82,DE,urban,894ca61c22718617c7e2404f582153da,Data Processing Consultant,0148f61d4227497728ce33490843d056,Germany
65,4847f9f0-dbab-0133-c833-0a81e8b09a82,DE,urban,894ca61c22718617c7e2404f582153da,Data Processing Consultant,0148f61d4227497728ce33490843d056,Germany
66,e7be8910-dce5-0133-60ff-0a81e8b09a82,DE,rural,894ca61c22718617c7e2404f582153da,Data Processing Consultant,0148f61d4227497728ce33490843d056,Germany
67,d69a2de0-db9d-0133-9981-0a81e8b09a82,DE,urban,894ca61c22718617c7e2404f582153da,Data Processing Consultant,0148f61d4227497728ce33490843d056,Germany
68,db9d4080-db05-0133-be60-0a81e8b09a82,DE,urban,e7b3e1c6a32c7247cd4857e4c3574165,Data Processing Systems Analyst,0148f61d4227497728ce33490843d056,Germany
69,760b4e70-dba3-0133-2ea8-0a81e8b09a82,DE,urban,e7b3e1c6a32c7247cd4857e4c3574165,Data Processing Systems Analyst,0148f61d4227497728ce33490843d056,Germany
70,7be98080-dbc3-0133-e32a-0a81e8b09a82,DE,rural,e7b3e1c6a32c7247cd4857e4c3574165,Data Processing Systems Analyst,0148f61d4227497728ce33490843d056,Germany
71,d31f10f0-dccf-0133-0a45-0a81e8b09a82,DE,rural,e7b3e1c6a32c7247cd4857e4c3574165,Data Processing Systems Analyst,0148f61d4227497728ce33490843d056,Germany
72,0007b2d0-daf3-0133-c5f0-0a81e8b09a82,DE,rural,e7b3e1c6a32c7247cd4857e4c3574165,Data Processing Systems Analyst,0148f61d4227497728ce33490843d056,Germany
73,b97c9220-dd8b-0133-fc50-0a81e8b09a82,DE,urban,e7b3e1c6a32c7247cd4857e4c3574165,Data Processing Systems Analyst,0148f61d4227497728ce33490843d056,Germany
74,ec006780-da50-0133-3807-0a81e8b09a82,DE,rural,e7b3e1c6a32c7247cd4857e4c3574165,Data Processing Systems Analyst,0148f61d4227497728ce33490843d056,Germany
75,be55b990-dd88-0133-c882-0a81e8b09a82,DE,urban,e7b3e1c6a32c7247cd4857e4c3574165,Data Processing Systems Analyst,0148f61d4227497728ce33490843d056,Germany
76,d377f070-d971-0133-f4e9-0a81e8b09a82,DK,urban,861a9b9151e11362eb3c77ca914172d0,Automatic Data Processing Planner,0148f61d4227497728ce33490843d056,Denmark
77,c0542710-d957-0133-662d-0a81e8b09a82,DK,rural,861a9b9151e11362eb3c77ca914172d0,Automatic Data Processing Planner,0148f61d4227497728ce33490843d056,Denmark
78,603621e0-d8b8-0133-02ee-0a81e8b09a82,DK,urban,894ca61c22718617c7e2404f582153da,Data Processing Consultant,0148f61d4227497728ce33490843d056,Denmark
79,698c93b0-d969-0133-78a1-0a81e8b09a82,DK,urban,894ca61c22718617c7e2404f582153da,Data Processing Consultant,0148f61d4227497728ce33490843d056,Denmark
80,33a4bd30-d97d-0133-0b6d-0a81e8b09a82,ES,urban,861a9b9151e11362eb3c77ca914172d0,Automatic Data Processing Planner,0148f61d4227497728ce33490843d056,Spain
81,5c4c2ed0-d8c1-0133-c39f-0a81e8b09a82,ES,urban,861a9b9151e11362eb3c77ca914172d0,Automatic Data Processing Planner,0148f61d4227497728ce33490843d056,Spain
82,03926a40-da13-0133-951a-0a81e8b09a82,ES,urban,861a9b9151e11362eb3c77ca914172d0,Automatic Data Processing Planner,0148f61d4227497728ce33490843d056,Spain
83,0e6f0650-d9c0-0133-c743-0a81e8b09a82,ES,urban,861a9b9151e11362eb3c77ca914172d0,Automatic Data Processing Planner,0148f61d4227497728ce33490843d056,Spain
84,2421f5a0-da37-0133-7b29-0a81e8b09a82,ES,urban,861a9b9151e11362eb3c77ca914172d0,Automatic Data Processing Planner,0148f61d4227497728ce33490843d056,Spain
85,6e2b83b0-da2b-0133-469e-0a81e8b09a82,ES,urban,861a9b9151e11362eb3c77ca914172d0,Automatic Data Processing Planner,0148f61d4227497728ce33490843d056,Spain
86,21c3cc70-d9a2-0133-fbc7-0a81e8b09a82,ES,urban,861a9b9151e11362eb3c77ca914172d0,Automatic Data Processing Planner,0148f61d4227497728ce33490843d056,Spain
87,a7d05190-d947-0133-174c-0a81e8b09a82,ES,rural,861a9b9151e11362eb3c77ca914172d0,Automatic Data Processing Planner,0148f61d4227497728ce33490843d056,Spain
88,428ce3e0-dc12-0133-63d6-0a81e8b09a82,ES,urban,861a9b9151e11362eb3c77ca914172d0,Automatic Data Processing Planner,0148f61d4227497728ce33490843d056,Spain
89,31a78d70-d8ef-0133-1097-0a81e8b09a82,ES,urban,fcaf4aac737e53ad24b9f32f08b8740f,Computer or Data Processing Systems Consultant,0148f61d4227497728ce33490843d056,Spain
90,5db60300-dbf2-0133-17f8-0a81e8b09a82,ES,urban,fcaf4aac737e53ad24b9f32f08b8740f,Computer or Data Processing Systems Consultant,0148f61d4227497728ce33490843d056,Spain
91,1db40540-d969-0133-77ab-0a81e8b09a82,ES,urban,fcaf4aac737e53ad24b9f32f08b8740f,Computer or Data Processing Systems Consultant,0148f61d4227497728ce33490843d056,Spain
92,d32a2900-dcc5-0133-bf4c-0a81e8b09a82,ES,urban,fcaf4aac737e53ad24b9f32f08b8740f,Computer or Data Processing Systems Consultant,0148f61d4227497728ce33490843d056,Spain
93,a356e2d0-d980-0133-1187-0a81e8b09a82,ES,urban,fcaf4aac737e53ad24b9f32f08b8740f,Computer or Data Processing Systems Consultant,0148f61d4227497728ce33490843d056,Spain
94,fe1230d0-d8ec-0133-af97-0a81e8b09a82,ES,urban,fcaf4aac737e53ad24b9f32f08b8740f,Computer or Data Processing Systems Consultant,0148f61d4227497728ce33490843d056,Spain
95,a55909a0-da53-0133-88eb-0a81e8b09a82,ES,urban,fcaf4aac737e53ad24b9f32f08b8740f,Computer or Data Processing Systems Consultant,0148f61d4227497728ce33490843d056,Spain
96,ed1579b0-d8a7-0133-652d-0a81e8b09a82,ES,urban,fcaf4aac737e53ad24b9f32f08b8740f,Computer or Data Processing Systems Consultant,0148f61d4227497728ce33490843d056,Spain
97,e6431840-d8ea-0133-9d69-0a81e8b09a82,ES,rural,fcaf4aac737e53ad24b9f32f08b8740f,Computer or Data Processing Systems Consultant,0148f61d4227497728ce33490843d056,Spain
98,1d452e90-d932-0133-3fdb-0a81e8b09a82,ES,urban,b24ece3300d2f8ab34f9553e531183d6,Data Processing Systems Project Planner,0148f61d4227497728ce33490843d056,Spain
99,2dad10c0-d97d-0133-0b51-0a81e8b09a82,ES,urban,b24ece3300d2f8ab34f9553e531183d6,Data Processing Systems Project Planner,0148f61d4227497728ce33490843d056,Spain
100,b1dba2f0-d942-0133-c79a-0a81e8b09a82,ES,rural,b24ece3300d2f8ab34f9553e531183d6,Data Processing Systems Project Planner,0148f61d4227497728ce33490843d056,Spain
101,13317440-dbfc-0133-7479-0a81e8b09a82,ES,urban,b24ece3300d2f8ab34f9553e531183d6,Data Processing Systems Project Planner,0148f61d4227497728ce33490843d056,Spain
102,bbb37d40-d9b4-0133-d418-0a81e8b09a82,ES,urban,b24ece3300d2f8ab34f9553e531183d6,Data Processing Systems Project Planner,0148f61d4227497728ce33490843d056,Spain
103,2f5610a0-d98a-0133-a02e-0a81e8b09a82,ES,urban,b24ece3300d2f8ab34f9553e531183d6,Data Processing Systems Project Planner,0148f61d4227497728ce33490843d056,Spain
104,947ace60-dc06-0133-e3e2-0a81e8b09a82,ES,urban,b24ece3300d2f8ab34f9553e531183d6,Data Processing Systems Project Planner,0148f61d4227497728ce33490843d056,Spain
105,86213140-daa2-0133-5445-0a81e8b09a82,ES,urban,b24ece3300d2f8ab34f9553e531183d6,Data Processing Systems Project Planner,0148f61d4227497728ce33490843d056,Spain
106,c59b8920-d8cc-0133-6278-0a81e8b09a82,ES,urban,894ca61c22718617c7e2404f582153da,Data Processing Consultant,0148f61d4227497728ce33490843d056,Spain
107,809403a0-d8d4-0133-62bd-0a81e8b09a82,ES,urban,894ca61c22718617c7e2404f582153da,Data Processing Consultant,0148f61d4227497728ce33490843d056,Spain
108,4df58820-d8cd-0133-63cc-0a81e8b09a82,ES,urban,894ca61c22718617c7e2404f582153da,Data Processing Consultant,0148f61d4227497728ce33490843d056,Spain
109,78015050-d8ee-0133-3d90-0a81e8b09a82,ES,urban,894ca61c22718617c7e2404f582153da,Data Processing Consultant,0148f61d4227497728ce33490843d056,Spain
110,7a381c20-dad2-0133-4a8d-0a81e8b09a82,ES,rural,894ca61c22718617c7e2404f582153da,Data Processing Consultant,0148f61d4227497728ce33490843d056,Spain
111,262442d0-d9a7-0133-5960-0a81e8b09a82,ES,urban,894ca61c22718617c7e2404f582153da,Data Processing Consultant,0148f61d4227497728ce33490843d056,Spain
112,ade88db0-d8f1-0133-1614-0a81e8b09a82,ES,urban,e7b3e1c6a32c7247cd4857e4c3574165,Data Processing Systems Analyst,0148f61d4227497728ce33490843d056,Spain
113,f857d070-d99c-0133-915b-0a81e8b09a82,ES,urban,e7b3e1c6a32c7247cd4857e4c3574165,Data Processing Systems Analyst,0148f61d4227497728ce33490843d056,Spain
114,03b70450-d8ed-0133-afa1-0a81e8b09a82,ES,urban,e7b3e1c6a32c7247cd4857e4c3574165,Data Processing Systems Analyst,0148f61d4227497728ce33490843d056,Spain
115,49e85a40-d8ac-0133-6c42-0a81e8b09a82,ES,urban,e7b3e1c6a32c7247cd4857e4c3574165,Data Processing Systems Analyst,0148f61d4227497728ce33490843d056,Spain
116,b300d060-d8d9-0133-9434-0a81e8b09a82,ES,urban,e7b3e1c6a32c7247cd4857e4c3574165,Data Processing Systems Analyst,0148f61d4227497728ce33490843d056,Spain
117,5ad54e30-d9c5-0133-2b49-0a81e8b09a82,ES,urban,e7b3e1c6a32c7247cd4857e4c3574165,Data Processing Systems Analyst,0148f61d4227497728ce33490843d056,Spain
118,4e8aa160-d9ef-0133-aa7e-0a81e8b09a82,ES,urban,e7b3e1c6a32c7247cd4857e4c3574165,Data Processing Systems Analyst,0148f61d4227497728ce33490843d056,Spain
119,a105e640-d961-0133-ce22-0a81e8b09a82,ES,urban,e7b3e1c6a32c7247cd4857e4c3574165,Data Processing Systems Analyst,0148f61d4227497728ce33490843d056,Spain
120,96b5b510-d8cf-0133-53f2-0a81e8b09a82,ES,urban,e7b3e1c6a32c7247cd4857e4c3574165,Data Processing Systems Analyst,0148f61d4227497728ce33490843d056,Spain
121,be991050-d9af-0133-fa28-0a81e8b09a82,ES,rural,e7b3e1c6a32c7247cd4857e4c3574165,Data Processing Systems Analyst,0148f61d4227497728ce33490843d056,Spain
122,9b883720-dd29-0133-6d13-0a81e8b09a82,FI,rural,fcaf4aac737e53ad24b9f32f08b8740f,Computer or Data Processing Systems Consultant,0148f61d4227497728ce33490843d056,Finland
123,95b63cf0-d8d3-0133-602a-0a81e8b09a82,FI,urban,fcaf4aac737e53ad24b9f32f08b8740f,Computer or Data Processing Systems Consultant,0148f61d4227497728ce33490843d056,Finland
124,a1605600-d927-0133-3558-0a81e8b09a82,FI,urban,894ca61c22718617c7e2404f582153da,Data Processing Consultant,0148f61d4227497728ce33490843d056,Finland
125,ab13f370-d8ab-0133-6bbc-0a81e8b09a82,FI,rural,e7b3e1c6a32c7247cd4857e4c3574165,Data Processing Systems Analyst,0148f61d4227497728ce33490843d056,Finland
126,5048a930-dcc4-0133-f5c4-0a81e8b09a82,FR,urban,861a9b9151e11362eb3c77ca914172d0,Automatic Data Processing Planner,0148f61d4227497728ce33490843d056,France
127,4c525120-da48-0133-559e-0a81e8b09a82,FR,urban,861a9b9151e11362eb3c77ca914172d0,Automatic Data Processing Planner,0148f61d4227497728ce33490843d056,France
128,5318a790-da7b-0133-897e-0a81e8b09a82,FR,rural,861a9b9151e11362eb3c77ca914172d0,Automatic Data Processing Planner,0148f61d4227497728ce33490843d056,France
129,06893010-d9a2-0133-fb2f-0a81e8b09a82,FR,urban,861a9b9151e11362eb3c77ca914172d0,Automatic Data Processing Planner,0148f61d4227497728ce33490843d056,France
130,bb3dda50-dab3-0133-97b5-0a81e8b09a82,FR,urban,861a9b9151e11362eb3c77ca914172d0,Automatic Data Processing Planner,0148f61d4227497728ce33490843d056,France
131,5534d920-def9-0133-0c00-0a81e8b09a82,FR,urban,861a9b9151e11362eb3c77ca914172d0,Automatic Data Processing Planner,0148f61d4227497728ce33490843d056,France
132,85051200-dcbd-0133-5bd8-0a81e8b09a82,FR,urban,861a9b9151e11362eb3c77ca914172d0,Automatic Data Processing Planner,0148f61d4227497728ce33490843d056,France
133,a2de5bb0-da6c-0133-7cb8-0a81e8b09a82,FR,rural,861a9b9151e11362eb3c77ca914172d0,Automatic Data Processing Planner,0148f61d4227497728ce33490843d056,France
134,581e88a0-db43-0133-8914-0a81e8b09a82,FR,rural,861a9b9151e11362eb3c77ca914172d0,Automatic Data Processing Planner,0148f61d4227497728ce33490843d056,France
135,c454bff0-da74-0133-2bf3-0a81e8b09a82,FR,urban,861a9b9151e11362eb3c77ca914172d0,Automatic Data Processing Planner,0148f61d4227497728ce33490843d056,France
136,c745f0f0-da61-0133-33fa-0a81e8b09a82,FR,rural,861a9b9151e11362eb3c77ca914172d0,Automatic Data Processing Planner,0148f61d4227497728ce33490843d056,France
137,ca9e3780-db0f-0133-eb0b-0a81e8b09a82,FR,rural,861a9b9151e11362eb3c77ca914172d0,Automatic Data Processing Planner,0148f61d4227497728ce33490843d056,France
138,63bdf260-dbb9-0133-56e2-0a81e8b09a82,FR,urban,861a9b9151e11362eb3c77ca914172d0,Automatic Data Processing Planner,0148f61d4227497728ce33490843d056,France
139,9ca06300-d8f2-0133-908c-0a81e8b09a82,FR,rural,fcaf4aac737e53ad24b9f32f08b8740f,Computer or Data Processing Systems Consultant,0148f61d4227497728ce33490843d056,France
140,74ab1c50-db2c-0133-d553-0a81e8b09a82,FR,urban,fcaf4aac737e53ad24b9f32f08b8740f,Computer or Data Processing Systems Consultant,0148f61d4227497728ce33490843d056,France
141,b152d9f0-da46-0133-0db4-0a81e8b09a82,FR,urban,fcaf4aac737e53ad24b9f32f08b8740f,Computer or Data Processing Systems Consultant,0148f61d4227497728ce33490843d056,France
142,e3a4e710-da57-0133-f2f7-0a81e8b09a82,FR,urban,fcaf4aac737e53ad24b9f32f08b8740f,Computer or Data Processing Systems Consultant,0148f61d4227497728ce33490843d056,France
143,e8c463a0-d99a-0133-ac0f-0a81e8b09a82,FR,urban,fcaf4aac737e53ad24b9f32f08b8740f,Computer or Data Processing Systems Consultant,0148f61d4227497728ce33490843d056,France
144,7c373c50-dbe8-0133-2fdd-0a81e8b09a82,FR,rural,fcaf4aac737e53ad24b9f32f08b8740f,Computer or Data Processing Systems Consultant,0148f61d4227497728ce33490843d056,France
145,bbde3fe0-dd35-0133-0222-0a81e8b09a82,FR,rural,fcaf4aac737e53ad24b9f32f08b8740f,Computer or Data Processing Systems Consultant,0148f61d4227497728ce33490843d056,France
146,b5c499d0-dc00-0133-fc26-0a81e8b09a82,FR,urban,fcaf4aac737e53ad24b9f32f08b8740f,Computer or Data Processing Systems Consultant,0148f61d4227497728ce33490843d056,France
147,cada8ef0-da39-0133-ee47-0a81e8b09a82,FR,rural,fcaf4aac737e53ad24b9f32f08b8740f,Computer or Data Processing Systems Consultant,0148f61d4227497728ce33490843d056,France
148,afafc080-dcc7-0133-ea93-0a81e8b09a82,FR,urban,fcaf4aac737e53ad24b9f32f08b8740f,Computer or Data Processing Systems Consultant,0148f61d4227497728ce33490843d056,France
149,b09d91f0-d960-0133-7ca7-0a81e8b09a82,FR,urban,fcaf4aac737e53ad24b9f32f08b8740f,Computer or Data Processing Systems Consultant,0148f61d4227497728ce33490843d056,France
150,f23970c0-d97d-0133-f0d3-0a81e8b09a82,FR,urban,fcaf4aac737e53ad24b9f32f08b8740f,Computer or Data Processing Systems Consultant,0148f61d4227497728ce33490843d056,France
151,3e17f130-d8d9-0133-9333-0a81e8b09a82,FR,rural,fcaf4aac737e53ad24b9f32f08b8740f,Computer or Data Processing Systems Consultant,0148f61d4227497728ce33490843d056,France
152,4b683070-dbc5-0133-932e-0a81e8b09a82,FR,rural,fcaf4aac737e53ad24b9f32f08b8740f,Computer or Data Processing Systems Consultant,0148f61d4227497728ce33490843d056,France
153,ae87a890-dbe2-0133-0161-0a81e8b09a82,FR,urban,b24ece3300d2f8ab34f9553e531183d6,Data Processing Systems Project Planner,0148f61d4227497728ce33490843d056,France
154,90728870-dcad-0133-ee99-0a81e8b09a82,FR,urban,b24ece3300d2f8ab34f9553e531183d6,Data Processing Systems Project Planner,0148f61d4227497728ce33490843d056,France
155,3b2d8830-da52-0133-f406-0a81e8b09a82,FR,rural,b24ece3300d2f8ab34f9553e531183d6,Data Processing Systems Project Planner,0148f61d4227497728ce33490843d056,France
156,cc7477e0-dcc2-0133-b9fc-0a81e8b09a82,FR,urban,b24ece3300d2f8ab34f9553e531183d6,Data Processing Systems Project Planner,0148f61d4227497728ce33490843d056,France
157,a5f59460-da74-0133-2b3a-0a81e8b09a82,FR,urban,b24ece3300d2f8ab34f9553e531183d6,Data Processing Systems Project Planner,0148f61d4227497728ce33490843d056,France
158,e9be7e10-de5a-0133-0b5d-0a81e8b09a82,FR,urban,b24ece3300d2f8ab34f9553e531183d6,Data Processing Systems Project Planner,0148f61d4227497728ce33490843d056,France
159,9651bcf0-d9ac-0133-8c72-0a81e8b09a82,FR,rural,b24ece3300d2f8ab34f9553e531183d6,Data Processing Systems Project Planner,0148f61d4227497728ce33490843d056,France
160,588ce470-dbba-0133-5a69-0a81e8b09a82,FR,urban,894ca61c22718617c7e2404f582153da,Data Processing Consultant,0148f61d4227497728ce33490843d056,France
161,7d9d4320-dcd3-0133-8ad4-0a81e8b09a82,FR,urban,894ca61c22718617c7e2404f582153da,Data Processing Consultant,0148f61d4227497728ce33490843d056,France
162,eed05560-d98b-0133-ecf4-0a81e8b09a82,FR,urban,894ca61c22718617c7e2404f582153da,Data Processing Consultant,0148f61d4227497728ce33490843d056,France
163,cb1f86c0-da73-0133-0e28-0a81e8b09a82,FR,urban,894ca61c22718617c7e2404f582153da,Data Processing Consultant,0148f61d4227497728ce33490843d056,France
164,c8a4e130-dcb7-0133-71be-0a81e8b09a82,FR,urban,894ca61c22718617c7e2404f582153da,Data Processing Consultant,0148f61d4227497728ce33490843d056,France
165,48303920-da07-0133-0bd9-0a81e8b09a82,FR,rural,e7b3e1c6a32c7247cd4857e4c3574165,Data Processing Systems Analyst,0148f61d4227497728ce33490843d056,France
166,2fe49510-dcae-0133-443b-0a81e8b09a82,FR,rural,e7b3e1c6a32c7247cd4857e4c3574165,Data Processing Systems Analyst,0148f61d4227497728ce33490843d056,France
167,1e4e7c90-dbe1-0133-4b3d-0a81e8b09a82,FR,rural,e7b3e1c6a32c7247cd4857e4c3574165,Data Processing Systems Analyst,0148f61d4227497728ce33490843d056,France
168,c8118e90-da71-0133-ca4e-0a81e8b09a82,FR,rural,e7b3e1c6a32c7247cd4857e4c3574165,Data Processing Systems Analyst,0148f61d4227497728ce33490843d056,France
169,1419c410-dbb2-0133-2600-0a81e8b09a82,FR,urban,e7b3e1c6a32c7247cd4857e4c3574165,Data Processing Systems Analyst,0148f61d4227497728ce33490843d056,France
170,a6ac2010-db1d-0133-51a1-0a81e8b09a82,FR,urban,e7b3e1c6a32c7247cd4857e4c3574165,Data Processing Systems Analyst,0148f61d4227497728ce33490843d056,France
171,ca3f5fb0-da0c-0133-2a2e-0a81e8b09a82,FR,urban,e7b3e1c6a32c7247cd4857e4c3574165,Data Processing Systems Analyst,0148f61d4227497728ce33490843d056,France
172,f70298f0-d963-0133-438f-0a81e8b09a82,FR,urban,e7b3e1c6a32c7247cd4857e4c3574165,Data Processing Systems Analyst,0148f61d4227497728ce33490843d056,France
173,7bd279d0-da5d-0133-b9d6-0a81e8b09a82,FR,urban,e7b3e1c6a32c7247cd4857e4c3574165,Data Processing Systems Analyst,0148f61d4227497728ce33490843d056,France
174,ddb70c70-da85-0133-e1ab-0a81e8b09a82,FR,urban,e7b3e1c6a32c7247cd4857e4c3574165,Data Processing Systems Analyst,0148f61d4227497728ce33490843d056,France
175,2ca1a290-dbeb-0133-3901-0a81e8b09a82,GB,urban,861a9b9151e11362eb3c77ca914172d0,Automatic Data Processing Planner,0148f61d4227497728ce33490843d056,
176,5520dbc0-d8d7-0133-1c73-0a81e8b09a82,GB,urban,861a9b9151e11362eb3c77ca914172d0,Automatic Data Processing Planner,0148f61d4227497728ce33490843d056,
177,03797d30-da87-0133-e6a4-0a81e8b09a82,GB,rural,861a9b9151e11362eb3c77ca914172d0,Automatic Data Processing Planner,0148f61d4227497728ce33490843d056,
178,f71993c0-d8d7-0133-8f3e-0a81e8b09a82,GB,urban,861a9b9151e11362eb3c77ca914172d0,Automatic Data Processing Planner,0148f61d4227497728ce33490843d056,
179,cb924150-dad8-0133-383d-0a81e8b09a82,GB,urban,861a9b9151e11362eb3c77ca914172d0,Automatic Data Processing Planner,0148f61d4227497728ce33490843d056,
180,a4086b00-db39-0133-4bcc-0a81e8b09a82,GB,rural,861a9b9151e11362eb3c77ca914172d0,Automatic Data Processing Planner,0148f61d4227497728ce33490843d056,
181,a8731120-dc9d-0133-c641-0a81e8b09a82,GB,urban,861a9b9151e11362eb3c77ca914172d0,Automatic Data Processing Planner,0148f61d4227497728ce33490843d056,
182,ac96bb40-d8cc-0133-6227-0a81e8b09a82,GB,urban,861a9b9151e11362eb3c77ca914172d0,Automatic Data Processing Planner,0148f61d4227497728ce33490843d056,
183,e5976db0-dbcb-0133-9eb4-0a81e8b09a82,GB,rural,861a9b9151e11362eb3c77ca914172d0,Automatic Data Processing Planner,0148f61d4227497728ce33490843d056,
184,7f724130-dce8-0133-5071-0a81e8b09a82,GB,urban,fcaf4aac737e53ad24b9f32f08b8740f,Computer or Data Processing Systems Consultant,0148f61d4227497728ce33490843d056,
185,990cc880-dcb2-0133-9717-0a81e8b09a82,GB,urban,fcaf4aac737e53ad24b9f32f08b8740f,Computer or Data Processing Systems Consultant,0148f61d4227497728ce33490843d056,
186,32443610-db58-0133-fc66-0a81e8b09a82,GB,rural,fcaf4aac737e53ad24b9f32f08b8740f,Computer or Data Processing Systems Consultant,0148f61d4227497728ce33490843d056,
187,aed24f80-d9ab-0133-1c4b-0a81e8b09a82,GB,urban,fcaf4aac737e53ad24b9f32f08b8740f,Computer or Data Processing Systems Consultant,0148f61d4227497728ce33490843d056,
188,c9c18040-dd29-0133-6d70-0a81e8b09a82,GB,rural,fcaf4aac737e53ad24b9f32f08b8740f,Computer or Data Processing Systems Consultant,0148f61d4227497728ce33490843d056,
189,e767b2e0-d95d-0133-769a-0a81e8b09a82,GB,urban,fcaf4aac737e53ad24b9f32f08b8740f,Computer or Data Processing Systems Consultant,0148f61d4227497728ce33490843d056,
190,c45c0970-dca6-0133-b998-0a81e8b09a82,GB,urban,fcaf4aac737e53ad24b9f32f08b8740f,Computer or Data Processing Systems Consultant,0148f61d4227497728ce33490843d056,
191,78d4ba70-da81-0133-3852-0a81e8b09a82,GB,urban,fcaf4aac737e53ad24b9f32f08b8740f,Computer or Data Processing Systems Consultant,0148f61d4227497728ce33490843d056,
192,13b6bfd0-dbbd-0133-7258-0a81e8b09a82,GB,urban,fcaf4aac737e53ad24b9f32f08b8740f,Computer or Data Processing Systems Consultant,0148f61d4227497728ce33490843d056,
193,9542ca60-dca5-0133-b584-0a81e8b09a82,GB,urban,fcaf4aac737e53ad24b9f32f08b8740f,Computer or Data Processing Systems Consultant,0148f61d4227497728ce33490843d056,
194,9a07d420-da1a-0133-ad2e-0a81e8b09a82,GB,urban,fcaf4aac737e53ad24b9f32f08b8740f,Computer or Data Processing Systems Consultant,0148f61d4227497728ce33490843d056,
195,ee0d1a20-dd29-0133-6dab-0a81e8b09a82,GB,urban,fcaf4aac737e53ad24b9f32f08b8740f,Computer or Data Processing Systems Consultant,0148f61d4227497728ce33490843d056,
196,b1e39440-dbbd-0133-74ad-0a81e8b09a82,GB,rural,fcaf4aac737e53ad24b9f32f08b8740f,Computer or Data Processing Systems Consultant,0148f61d4227497728ce33490843d056,
197,6b04b490-dce0-0133-c5b9-0a81e8b09a82,GB,urban,b24ece3300d2f8ab34f9553e531183d6,Data Processing Systems Project Planner,0148f61d4227497728ce33490843d056,
198,529a3fc0-d8d8-0133-9042-0a81e8b09a82,GB,rural,b24ece3300d2f8ab34f9553e531183d6,Data Processing Systems Project Planner,0148f61d4227497728ce33490843d056,
199,7cecbca0-dcb7-0133-7037-0a81e8b09a82,GB,urban,b24ece3300d2f8ab34f9553e531183d6,Data Processing Systems Project Planner,0148f61d4227497728ce33490843d056,
200,28f6a620-d94b-0133-8a39-0a81e8b09a82,GB,rural,b24ece3300d2f8ab34f9553e531183d6,Data Processing Systems Project Planner,0148f61d4227497728ce33490843d056,
201,e9ffcfb0-ddf8-0133-280f-0a81e8b09a82,GB,rural,b24ece3300d2f8ab34f9553e531183d6,Data Processing Systems Project Planner,0148f61d4227497728ce33490843d056,
202,6c65f920-da64-0133-cacf-0a81e8b09a82,GB,urban,894ca61c22718617c7e2404f582153da,Data Processing Consultant,0148f61d4227497728ce33490843d056,
203,21300ac0-d980-0133-0f6a-0a81e8b09a82,GB,rural,894ca61c22718617c7e2404f582153da,Data Processing Consultant,0148f61d4227497728ce33490843d056,
204,6df81380-db38-0133-4672-0a81e8b09a82,GB,urban,894ca61c22718617c7e2404f582153da,Data Processing Consultant,0148f61d4227497728ce33490843d056,
205,0e1d8ec0-dd7e-0133-bb68-0a81e8b09a82,GB,urban,894ca61c22718617c7e2404f582153da,Data Processing Consultant,0148f61d4227497728ce33490843d056,
206,26c22170-dce3-0133-d218-0a81e8b09a82,GB,urban,894ca61c22718617c7e2404f582153da,Data Processing Consultant,0148f61d4227497728ce33490843d056,
207,01e4f240-dc14-0133-2dda-0a81e8b09a82,GB,urban,e7b3e1c6a32c7247cd4857e4c3574165,Data Processing Systems Analyst,0148f61d4227497728ce33490843d056,
208,6d628210-d8d0-0133-56f5-0a81e8b09a82,GB,rural,e7b3e1c6a32c7247cd4857e4c3574165,Data Processing Systems Analyst,0148f61d4227497728ce33490843d056,
209,65df6720-d8e6-0133-0764-0a81e8b09a82,GB,urban,e7b3e1c6a32c7247cd4857e4c3574165,Data Processing Systems Analyst,0148f61d4227497728ce33490843d056,
210,cfc75a80-dc8e-0133-4ce8-0a81e8b09a82,GB,urban,e7b3e1c6a32c7247cd4857e4c3574165,Data Processing Systems Analyst,0148f61d4227497728ce33490843d056,
211,3eecef90-d8c7-0133-58f2-0a81e8b09a82,GB,rural,e7b3e1c6a32c7247cd4857e4c3574165,Data Processing Systems Analyst,0148f61d4227497728ce33490843d056,
212,babeca20-db4b-0133-8b53-0a81e8b09a82,GB,urban,e7b3e1c6a32c7247cd4857e4c3574165,Data Processing Systems Analyst,0148f61d4227497728ce33490843d056,
213,f1477ea0-d99a-0133-ac31-0a81e8b09a82,GB,urban,e7b3e1c6a32c7247cd4857e4c3574165,Data Processing Systems Analyst,0148f61d4227497728ce33490843d056,
214,a9364e30-dcf5-0133-fc91-0a81e8b09a82,GB,urban,e7b3e1c6a32c7247cd4857e4c3574165,Data Processing Systems Analyst,0148f61d4227497728ce33490843d056,
215,cdf90050-d8de-0133-6010-0a81e8b09a82,GB,urban,e7b3e1c6a32c7247cd4857e4c3574165,Data Processing Systems Analyst,0148f61d4227497728ce33490843d056,
216,66f54dd0-dd91-0133-bd33-0a81e8b09a82,GB,rural,e7b3e1c6a32c7247cd4857e4c3574165,Data Processing Systems Analyst,0148f61d4227497728ce33490843d056,
217,680c47f0-dd77-0133-7930-0a81e8b09a82,GB,rural,e7b3e1c6a32c7247cd4857e4c3574165,Data Processing Systems Analyst,0148f61d4227497728ce33490843d056,
218,d49c0e10-dced-0133-c732-0a81e8b09a82,GB,urban,e7b3e1c6a32c7247cd4857e4c3574165,Data Processing Systems Analyst,0148f61d4227497728ce33490843d056,
219,2429ba30-da44-0133-678c-0a81e8b09a82,GR,urban,861a9b9151e11362eb3c77ca914172d0,Automatic Data Processing Planner,0148f61d4227497728ce33490843d056,
220,15d77780-dbe0-0133-4732-0a81e8b09a82,GR,urban,fcaf4aac737e53ad24b9f32f08b8740f,Computer or Data Processing Systems Consultant,0148f61d4227497728ce33490843d056,
221,da0a2900-d962-0133-40cf-0a81e8b09a82,GR,urban,b24ece3300d2f8ab34f9553e531183d6,Data Processing Systems Project Planner,0148f61d4227497728ce33490843d056,
222,4252ff80-dcab-0133-ca50-0a81e8b09a82,GR,urban,894ca61c22718617c7e2404f582153da,Data Processing Consultant,0148f61d4227497728ce33490843d056,
223,ba902790-db0c-0133-3d76-0a81e8b09a82,GR,urban,894ca61c22718617c7e2404f582153da,Data Processing Consultant,0148f61d4227497728ce33490843d056,
224,5ac04e00-db26-0133-552a-0a81e8b09a82,GR,urban,e7b3e1c6a32c7247cd4857e4c3574165,Data Processing Systems Analyst,0148f61d4227497728ce33490843d056,
225,043ae820-d8d1-0133-587c-0a81e8b09a82,HR,urban,fcaf4aac737e53ad24b9f32f08b8740f,Computer or Data Processing Systems Consultant,0148f61d4227497728ce33490843d056,Croatia
226,64be84b0-d9fd-0133-2a1e-0a81e8b09a82,HR,urban,fcaf4aac737e53ad24b9f32f08b8740f,Computer or Data Processing Systems Consultant,0148f61d4227497728ce33490843d056,Croatia
227,9936a620-d8f3-0133-a978-0a81e8b09a82,HR,urban,b24ece3300d2f8ab34f9553e531183d6,Data Processing Systems Project Planner,0148f61d4227497728ce33490843d056,Croatia
228,3b569560-d93a-0133-bc22-0a81e8b09a82,HU,urban,861a9b9151e11362eb3c77ca914172d0,Automatic Data Processing Planner,0148f61d4227497728ce33490843d056,Hungary
229,70f95bc0-da67-0133-afca-0a81e8b09a82,HU,urban,b24ece3300d2f8ab34f9553e531183d6,Data Processing Systems Project Planner,0148f61d4227497728ce33490843d056,Hungary
230,c49e6dc0-dd93-0133-0bcf-0a81e8b09a82,HU,urban,e7b3e1c6a32c7247cd4857e4c3574165,Data Processing Systems Analyst,0148f61d4227497728ce33490843d056,Hungary
231,25fe84f0-da3a-0133-daca-0a81e8b09a82,HU,urban,e7b3e1c6a32c7247cd4857e4c3574165,Data Processing Systems Analyst,0148f61d4227497728ce33490843d056,Hungary
232,00967980-da71-0133-c560-0a81e8b09a82,IE,urban,b24ece3300d2f8ab34f9553e531183d6,Data Processing Systems Project Planner,0148f61d4227497728ce33490843d056,Ireland
233,d8d76220-d90b-0133-a793-0a81e8b09a82,IE,urban,894ca61c22718617c7e2404f582153da,Data Processing Consultant,0148f61d4227497728ce33490843d056,Ireland
234,e53c1170-da82-0133-6c39-0a81e8b09a82,IE,urban,894ca61c22718617c7e2404f582153da,Data Processing Consultant,0148f61d4227497728ce33490843d056,Ireland
235,f8402c80-daa1-0133-9b16-0a81e8b09a82,IE,urban,e7b3e1c6a32c7247cd4857e4c3574165,Data Processing Systems Analyst,0148f61d4227497728ce33490843d056,Ireland
236,97469650-d9d8-0133-8e1f-0a81e8b09a82,IE,urban,e7b3e1c6a32c7247cd4857e4c3574165,Data Processing Systems Analyst,0148f61d4227497728ce33490843d056,Ireland
237,939dddb0-dd90-0133-ba03-0a81e8b09a82,IT,rural,861a9b9151e11362eb3c77ca914172d0,Automatic Data Processing Planner,0148f61d4227497728ce33490843d056,Italy
238,0adca270-de31-0133-3a35-0a81e8b09a82,IT,urban,861a9b9151e11362eb3c77ca914172d0,Automatic Data Processing Planner,0148f61d4227497728ce33490843d056,Italy
239,37289a70-da77-0133-7868-0a81e8b09a82,IT,urban,861a9b9151e11362eb3c77ca914172d0,Automatic Data Processing Planner,0148f61d4227497728ce33490843d056,Italy
240,431c93c0-de08-0133-0798-0a81e8b09a82,IT,rural,861a9b9151e11362eb3c77ca914172d0,Automatic Data Processing Planner,0148f61d4227497728ce33490843d056,Italy
241,d8899640-d989-0133-9ea0-0a81e8b09a82,IT,urban,861a9b9151e11362eb3c77ca914172d0,Automatic Data Processing Planner,0148f61d4227497728ce33490843d056,Italy
242,4aff1180-de6b-0133-7357-0a81e8b09a82,IT,urban,861a9b9151e11362eb3c77ca914172d0,Automatic Data Processing Planner,0148f61d4227497728ce33490843d056,Italy
243,f5a1e720-d8ca-0133-5cdc-0a81e8b09a82,IT,urban,861a9b9151e11362eb3c77ca914172d0,Automatic Data Processing Planner,0148f61d4227497728ce33490843d056,Italy
244,72ea1c50-d9a0-0133-a0ba-0a81e8b09a82,IT,rural,fcaf4aac737e53ad24b9f32f08b8740f,Computer or Data Processing Systems Consultant,0148f61d4227497728ce33490843d056,Italy
245,e67adfe0-d8d8-0133-922c-0a81e8b09a82,IT,urban,fcaf4aac737e53ad24b9f32f08b8740f,Computer or Data Processing Systems Consultant,0148f61d4227497728ce33490843d056,Italy
246,b2b952f0-dcad-0133-ef2d-0a81e8b09a82,IT,rural,fcaf4aac737e53ad24b9f32f08b8740f,Computer or Data Processing Systems Consultant,0148f61d4227497728ce33490843d056,Italy
247,df18a3f0-dc9e-0133-cad5-0a81e8b09a82,IT,urban,fcaf4aac737e53ad24b9f32f08b8740f,Computer or Data Processing Systems Consultant,0148f61d4227497728ce33490843d056,Italy
248,d5afa5c0-d97f-0133-f818-0a81e8b09a82,IT,urban,fcaf4aac737e53ad24b9f32f08b8740f,Computer or Data Processing Systems Consultant,0148f61d4227497728ce33490843d056,Italy
249,9560e570-dde1-0133-2872-0a81e8b09a82,IT,urban,fcaf4aac737e53ad24b9f32f08b8740f,Computer or Data Processing Systems Consultant,0148f61d4227497728ce33490843d056,Italy
250,28c69f20-dca4-0133-b14e-0a81e8b09a82,IT,urban,fcaf4aac737e53ad24b9f32f08b8740f,Computer or Data Processing Systems Consultant,0148f61d4227497728ce33490843d056,Italy
251,61853800-dcbb-0133-153a-0a81e8b09a82,IT,urban,b24ece3300d2f8ab34f9553e531183d6,Data Processing Systems Project Planner,0148f61d4227497728ce33490843d056,Italy
252,a66cedd0-d8eb-0133-9ff9-0a81e8b09a82,IT,urban,b24ece3300d2f8ab34f9553e531183d6,Data Processing Systems Project Planner,0148f61d4227497728ce33490843d056,Italy
253,dcd9b890-da9a-0133-1b54-0a81e8b09a82,IT,urban,b24ece3300d2f8ab34f9553e531183d6,Data Processing Systems Project Planner,0148f61d4227497728ce33490843d056,Italy
254,a2b232d0-da6d-0133-35e2-0a81e8b09a82,IT,urban,b24ece3300d2f8ab34f9553e531183d6,Data Processing Systems Project Planner,0148f61d4227497728ce33490843d056,Italy
255,5acb6d50-d96a-0133-7b96-0a81e8b09a82,IT,urban,b24ece3300d2f8ab34f9553e531183d6,Data Processing Systems Project Planner,0148f61d4227497728ce33490843d056,Italy
256,0b5930b0-d98f-0133-f445-0a81e8b09a82,IT,rural,b24ece3300d2f8ab34f9553e531183d6,Data Processing Systems Project Planner,0148f61d4227497728ce33490843d056,Italy
257,5df9d5c0-dc9b-0133-be35-0a81e8b09a82,IT,urban,b24ece3300d2f8ab34f9553e531183d6,Data Processing Systems Project Planner,0148f61d4227497728ce33490843d056,Italy
258,754262c0-d963-0133-4280-0a81e8b09a82,IT,urban,b24ece3300d2f8ab34f9553e531183d6,Data Processing Systems Project Planner,0148f61d4227497728ce33490843d056,Italy
259,4ceb2d10-dbb7-0133-4f4c-0a81e8b09a82,IT,urban,b24ece3300d2f8ab34f9553e531183d6,Data Processing Systems Project Planner,0148f61d4227497728ce33490843d056,Italy
260,441f36b0-d8d7-0133-1c48-0a81e8b09a82,IT,urban,b24ece3300d2f8ab34f9553e531183d6,Data Processing Systems Project Planner,0148f61d4227497728ce33490843d056,Italy
261,ba56b040-d8c9-0133-a32a-0a81e8b09a82,IT,urban,894ca61c22718617c7e2404f582153da,Data Processing Consultant,0148f61d4227497728ce33490843d056,Italy
262,0b8ce580-dce2-0133-cda3-0a81e8b09a82,IT,rural,894ca61c22718617c7e2404f582153da,Data Processing Consultant,0148f61d4227497728ce33490843d056,Italy
263,cbea4250-dbc3-0133-e47a-0a81e8b09a82,IT,urban,894ca61c22718617c7e2404f582153da,Data Processing Consultant,0148f61d4227497728ce33490843d056,Italy
264,2d8f4d30-da62-0133-36a3-0a81e8b09a82,IT,urban,894ca61c22718617c7e2404f582153da,Data Processing Consultant,0148f61d4227497728ce33490843d056,Italy
265,03e3a530-da1a-0133-ab73-0a81e8b09a82,IT,urban,e7b3e1c6a32c7247cd4857e4c3574165,Data Processing Systems Analyst,0148f61d4227497728ce33490843d056,Italy
266,f909a390-d94e-0133-582e-0a81e8b09a82,IT,urban,e7b3e1c6a32c7247cd4857e4c3574165,Data Processing Systems Analyst,0148f61d4227497728ce33490843d056,Italy
267,3c17fe30-db39-0133-4a08-0a81e8b09a82,IT,urban,e7b3e1c6a32c7247cd4857e4c3574165,Data Processing Systems Analyst,0148f61d4227497728ce33490843d056,Italy
268,240be2a0-d996-0133-70fa-0a81e8b09a82,IT,urban,e7b3e1c6a32c7247cd4857e4c3574165,Data Processing Systems Analyst,0148f61d4227497728ce33490843d056,Italy
269,8f529f80-d9c1-0133-2efc-0a81e8b09a82,IT,urban,e7b3e1c6a32c7247cd4857e4c3574165,Data Processing Systems Analyst,0148f61d4227497728ce33490843d056,Italy
270,d7a11c80-da3a-0133-7a0b-0a81e8b09a82,IT,urban,e7b3e1c6a32c7247cd4857e4c3574165,Data Processing Systems Analyst,0148f61d4227497728ce33490843d056,Italy
271,6de11e90-d8d2-0133-5cb1-0a81e8b09a82,IT,urban,e7b3e1c6a32c7247cd4857e4c3574165,Data Processing Systems Analyst,0148f61d4227497728ce33490843d056,Italy
272,74288dd0-d983-0133-7ab1-0a81e8b09a82,IT,urban,e7b3e1c6a32c7247cd4857e4c3574165,Data Processing Systems Analyst,0148f61d4227497728ce33490843d056,Italy
273,ebeae130-dd69-0133-d920-0a81e8b09a82,IT,urban,e7b3e1c6a32c7247cd4857e4c3574165,Data Processing Systems Analyst,0148f61d4227497728ce33490843d056,Italy
274,c7d73290-dafe-0133-6185-0a81e8b09a82,LT,urban,b24ece3300d2f8ab34f9553e531183d6,Data Processing Systems Project Planner,0148f61d4227497728ce33490843d056,Lithuania
275,a3892950-da4f-0133-bdaf-0a81e8b09a82,LV,rural,b24ece3300d2f8ab34f9553e531183d6,Data Processing Systems Project Planner,0148f61d4227497728ce33490843d056,Latvia
276,e886d110-d8ce-0133-6888-0a81e8b09a82,NL,urban,861a9b9151e11362eb3c77ca914172d0,Automatic Data Processing Planner,0148f61d4227497728ce33490843d056,Netherlands
277,1578d0d0-da23-0133-ec2e-0a81e8b09a82,NL,urban,861a9b9151e11362eb3c77ca914172d0,Automatic Data Processing Planner,0148f61d4227497728ce33490843d056,Netherlands
278,8cd63d30-dbea-0133-3713-0a81e8b09a82,NL,urban,861a9b9151e11362eb3c77ca914172d0,Automatic Data Processing Planner,0148f61d4227497728ce33490843d056,Netherlands
279,57fa35f0-dccb-0133-2864-0a81e8b09a82,NL,urban,fcaf4aac737e53ad24b9f32f08b8740f,Computer or Data Processing Systems Consultant,0148f61d4227497728ce33490843d056,Netherlands
280,42500e00-dcbf-0133-4988-0a81e8b09a82,NL,urban,fcaf4aac737e53ad24b9f32f08b8740f,Computer or Data Processing Systems Consultant,0148f61d4227497728ce33490843d056,Netherlands
281,91279b00-da45-0133-ea1b-0a81e8b09a82,NL,urban,894ca61c22718617c7e2404f582153da,Data Processing Consultant,0148f61d4227497728ce33490843d056,Netherlands
282,2b679e80-d8d5-0133-64a9-0a81e8b09a82,NL,urban,894ca61c22718617c7e2404f582153da,Data Processing Consultant,0148f61d4227497728ce33490843d056,Netherlands
283,76600d10-da22-0133-e926-0a81e8b09a82,NL,urban,e7b3e1c6a32c7247cd4857e4c3574165,Data Processing Systems Analyst,0148f61d4227497728ce33490843d056,Netherlands
284,06fd7260-dad6-0133-3f3d-0a81e8b09a82,NL,urban,e7b3e1c6a32c7247cd4857e4c3574165,Data Processing Systems Analyst,0148f61d4227497728ce33490843d056,Netherlands
285,5d7f5380-dcc2-0133-5a3a-0a81e8b09a82,NL,rural,e7b3e1c6a32c7247cd4857e4c3574165,Data Processing Systems Analyst,0148f61d4227497728ce33490843d056,Netherlands
286,180ce5d0-d9a7-0133-591c-0a81e8b09a82,NL,rural,e7b3e1c6a32c7247cd4857e4c3574165,Data Processing Systems Analyst,0148f61d4227497728ce33490843d056,Netherlands
287,e91425c0-d964-0133-46c7-0a81e8b09a82,NL,urban,e7b3e1c6a32c7247cd4857e4c3574165,Data Processing Systems Analyst,0148f61d4227497728ce33490843d056,Netherlands
288,4bd5b410-dcaa-0133-c700-0a81e8b09a82,NL,urban,e7b3e1c6a32c7247cd4857e4c3574165,Data Processing Systems Analyst,0148f61d4227497728ce33490843d056,Netherlands
289,5ca19490-d9b7-0133-9b11-0a81e8b09a82,PL,urban,861a9b9151e11362eb3c77ca914172d0,Automatic Data Processing Planner,0148f61d4227497728ce33490843d056,Poland
290,07b06830-dca7-0133-ba4b-0a81e8b09a82,PL,rural,861a9b9151e11362eb3c77ca914172d0,Automatic Data Processing Planner,0148f61d4227497728ce33490843d056,Poland
291,e97b1ff0-dafd-0133-5e5c-0a81e8b09a82,PL,urban,861a9b9151e11362eb3c77ca914172d0,Automatic Data Processing Planner,0148f61d4227497728ce33490843d056,Poland
292,4d0f5630-daec-0133-865f-0a81e8b09a82,PL,urban,861a9b9151e11362eb3c77ca914172d0,Automatic Data Processing Planner,0148f61d4227497728ce33490843d056,Poland
293,018fcea0-da71-0133-c56b-0a81e8b09a82,PL,urban,861a9b9151e11362eb3c77ca914172d0,Automatic Data Processing Planner,0148f61d4227497728ce33490843d056,Poland
294,74fec3c0-db5b-0133-dab4-0a81e8b09a82,PL,urban,861a9b9151e11362eb3c77ca914172d0,Automatic Data Processing Planner,0148f61d4227497728ce33490843d056,Poland
295,47d97de0-d982-0133-756c-0a81e8b09a82,PL,urban,fcaf4aac737e53ad24b9f32f08b8740f,Computer or Data Processing Systems Consultant,0148f61d4227497728ce33490843d056,Poland
296,92f6a120-d985-0133-34da-0a81e8b09a82,PL,urban,fcaf4aac737e53ad24b9f32f08b8740f,Computer or Data Processing Systems Consultant,0148f61d4227497728ce33490843d056,Poland
297,b6193700-d98c-0133-efc9-0a81e8b09a82,PL,urban,fcaf4aac737e53ad24b9f32f08b8740f,Computer or Data Processing Systems Consultant,0148f61d4227497728ce33490843d056,Poland
298,a5948040-d9a4-0133-1d8b-0a81e8b09a82,PL,urban,fcaf4aac737e53ad24b9f32f08b8740f,Computer or Data Processing Systems Consultant,0148f61d4227497728ce33490843d056,Poland
299,f5cef260-d951-0133-66fe-0a81e8b09a82,PL,urban,fcaf4aac737e53ad24b9f32f08b8740f,Computer or Data Processing Systems Consultant,0148f61d4227497728ce33490843d056,Poland
300,47549110-d8f1-0133-1565-0a81e8b09a82,PL,urban,fcaf4aac737e53ad24b9f32f08b8740f,Computer or Data Processing Systems Consultant,0148f61d4227497728ce33490843d056,Poland
301,8d245bf0-de2d-0133-73a3-0a81e8b09a82,PL,urban,b24ece3300d2f8ab34f9553e531183d6,Data Processing Systems Project Planner,0148f61d4227497728ce33490843d056,Poland
302,fb7fe300-d9a2-0133-aeb6-0a81e8b09a82,PL,urban,b24ece3300d2f8ab34f9553e531183d6,Data Processing Systems Project Planner,0148f61d4227497728ce33490843d056,Poland
303,b65e0ca0-da52-0133-b9c4-0a81e8b09a82,PL,urban,b24ece3300d2f8ab34f9553e531183d6,Data Processing Systems Project Planner,0148f61d4227497728ce33490843d056,Poland
304,f8815d40-d9a1-0133-fae0-0a81e8b09a82,PL,urban,894ca61c22718617c7e2404f582153da,Data Processing Consultant,0148f61d4227497728ce33490843d056,Poland
305,2419bfe0-dd4f-0133-0145-0a81e8b09a82,PL,urban,894ca61c22718617c7e2404f582153da,Data Processing Consultant,0148f61d4227497728ce33490843d056,Poland
306,78ebfa70-db8f-0133-ddfe-0a81e8b09a82,PL,urban,894ca61c22718617c7e2404f582153da,Data Processing Consultant,0148f61d4227497728ce33490843d056,Poland
307,e20f2f30-de19-0133-0960-0a81e8b09a82,PL,urban,894ca61c22718617c7e2404f582153da,Data Processing Consultant,0148f61d4227497728ce33490843d056,Poland
308,e9022a10-daf7-0133-95ff-0a81e8b09a82,PL,urban,894ca61c22718617c7e2404f582153da,Data Processing Consultant,0148f61d4227497728ce33490843d056,Poland
309,31689b90-de07-0133-057c-0a81e8b09a82,PL,urban,e7b3e1c6a32c7247cd4857e4c3574165,Data Processing Systems Analyst,0148f61d4227497728ce33490843d056,Poland
310,a8f465a0-d8d3-0133-606b-0a81e8b09a82,PL,urban,e7b3e1c6a32c7247cd4857e4c3574165,Data Processing Systems Analyst,0148f61d4227497728ce33490843d056,Poland
311,8c43ac00-dcba-0133-1087-0a81e8b09a82,PL,urban,e7b3e1c6a32c7247cd4857e4c3574165,Data Processing Systems Analyst,0148f61d4227497728ce33490843d056,Poland
312,8d842aa0-d98a-0133-a1e2-0a81e8b09a82,PL,rural,e7b3e1c6a32c7247cd4857e4c3574165,Data Processing Systems Analyst,0148f61d4227497728ce33490843d056,Poland
313,6594bc10-d986-0133-38c2-0a81e8b09a82,PL,urban,e7b3e1c6a32c7247cd4857e4c3574165,Data Processing Systems Analyst,0148f61d4227497728ce33490843d056,Poland
314,30e31d40-d8f4-0133-aad0-0a81e8b09a82,PT,urban,861a9b9151e11362eb3c77ca914172d0,Automatic Data Processing Planner,0148f61d4227497728ce33490843d056,Portugal
315,b64e4c40-dcd5-0133-4646-0a81e8b09a82,PT,rural,fcaf4aac737e53ad24b9f32f08b8740f,Computer or Data Processing Systems Consultant,0148f61d4227497728ce33490843d056,Portugal
316,e7585650-d8f0-0133-1454-0a81e8b09a82,PT,urban,fcaf4aac737e53ad24b9f32f08b8740f,Computer or Data Processing Systems Consultant,0148f61d4227497728ce33490843d056,Portugal
317,68404690-d996-0133-7218-0a81e8b09a82,PT,urban,fcaf4aac737e53ad24b9f32f08b8740f,Computer or Data Processing Systems Consultant,0148f61d4227497728ce33490843d056,Portugal
318,8f5667a0-d8cc-0133-61de-0a81e8b09a82,PT,urban,b24ece3300d2f8ab34f9553e531183d6,Data Processing Systems Project Planner,0148f61d4227497728ce33490843d056,Portugal
319,01000c20-daea-0133-4aab-0a81e8b09a82,PT,urban,b24ece3300d2f8ab34f9553e531183d6,Data Processing Systems Project Planner,0148f61d4227497728ce33490843d056,Portugal
320,ab4ba6f0-d9b5-0133-93bf-0a81e8b09a82,PT,urban,894ca61c22718617c7e2404f582153da,Data Processing Consultant,0148f61d4227497728ce33490843d056,Portugal
321,47b2f9d0-da4d-0133-f25e-0a81e8b09a82,PT,urban,894ca61c22718617c7e2404f582153da,Data Processing Consultant,0148f61d4227497728ce33490843d056,Portugal
322,c2a90cf0-d913-0133-cc10-0a81e8b09a82,PT,urban,894ca61c22718617c7e2404f582153da,Data Processing Consultant,0148f61d4227497728ce33490843d056,Portugal
323,f65264c0-d96e-0133-07d7-0a81e8b09a82,PT,urban,894ca61c22718617c7e2404f582153da,Data Processing Consultant,0148f61d4227497728ce33490843d056,Portugal
324,dd25c0c0-d985-0133-3646-0a81e8b09a82,PT,urban,894ca61c22718617c7e2404f582153da,Data Processing Consultant,0148f61d4227497728ce33490843d056,Portugal
325,471cc810-da09-0133-211f-0a81e8b09a82,RO,urban,861a9b9151e11362eb3c77ca914172d0,Automatic Data Processing Planner,0148f61d4227497728ce33490843d056,Romania
326,c1752e30-dcbf-0133-4bf1-0a81e8b09a82,RO,urban,861a9b9151e11362eb3c77ca914172d0,Automatic Data Processing Planner,0148f61d4227497728ce33490843d056,Romania
327,bb10e7a0-da65-0133-a476-0a81e8b09a82,RO,urban,861a9b9151e11362eb3c77ca914172d0,Automatic Data Processing Planner,0148f61d4227497728ce33490843d056,Romania
328,b08fb7d0-da21-0133-e58e-0a81e8b09a82,RO,rural,fcaf4aac737e53ad24b9f32f08b8740f,Computer or Data Processing Systems Consultant,0148f61d4227497728ce33490843d056,Romania
329,b71a9f90-d9a8-0133-0bff-0a81e8b09a82,RO,urban,fcaf4aac737e53ad24b9f32f08b8740f,Computer or Data Processing Systems Consultant,0148f61d4227497728ce33490843d056,Romania
330,21c97fd0-d94f-0133-5869-0a81e8b09a82,RO,urban,fcaf4aac737e53ad24b9f32f08b8740f,Computer or Data Processing Systems Consultant,0148f61d4227497728ce33490843d056,Romania
331,7de29ab0-dcc4-0133-f6c3-0a81e8b09a82,RO,rural,fcaf4aac737e53ad24b9f32f08b8740f,Computer or Data Processing Systems Consultant,0148f61d4227497728ce33490843d056,Romania
332,315c7c40-db4c-0133-8cdb-0a81e8b09a82,RO,urban,fcaf4aac737e53ad24b9f32f08b8740f,Computer or Data Processing Systems Consultant,0148f61d4227497728ce33490843d056,Romania
333,f5728e00-d94c-0133-04a5-0a81e8b09a82,RO,urban,fcaf4aac737e53ad24b9f32f08b8740f,Computer or Data Processing Systems Consultant,0148f61d4227497728ce33490843d056,Romania
334,9c34dd60-d977-0133-0b9c-0a81e8b09a82,RO,urban,b24ece3300d2f8ab34f9553e531183d6,Data Processing Systems Project Planner,0148f61d4227497728ce33490843d056,Romania
335,20e68c30-dce3-0133-d1f7-0a81e8b09a82,RO,urban,b24ece3300d2f8ab34f9553e531183d6,Data Processing Systems Project Planner,0148f61d4227497728ce33490843d056,Romania
336,80248b80-d950-0133-5a9e-0a81e8b09a82,RO,urban,b24ece3300d2f8ab34f9553e531183d6,Data Processing Systems Project Planner,0148f61d4227497728ce33490843d056,Romania
337,5b7db680-d990-0133-5a34-0a81e8b09a82,RO,urban,b24ece3300d2f8ab34f9553e531183d6,Data Processing Systems Project Planner,0148f61d4227497728ce33490843d056,Romania
338,504e7e80-d96b-0133-7f26-0a81e8b09a82,RO,rural,b24ece3300d2f8ab34f9553e531183d6,Data Processing Systems Project Planner,0148f61d4227497728ce33490843d056,Romania
339,0c82ea70-d99a-0133-1a49-0a81e8b09a82,RO,urban,b24ece3300d2f8ab34f9553e531183d6,Data Processing Systems Project Planner,0148f61d4227497728ce33490843d056,Romania
340,ca7f97f0-da54-0133-4043-0a81e8b09a82,RO,urban,b24ece3300d2f8ab34f9553e531183d6,Data Processing Systems Project Planner,0148f61d4227497728ce33490843d056,Romania
341,7b068650-d9b6-0133-9799-0a81e8b09a82,RO,urban,894ca61c22718617c7e2404f582153da,Data Processing Consultant,0148f61d4227497728ce33490843d056,Romania
342,6bd1ea00-d967-0133-71b4-0a81e8b09a82,RO,urban,894ca61c22718617c7e2404f582153da,Data Processing Consultant,0148f61d4227497728ce33490843d056,Romania
343,8ccddd90-dcb1-0133-91a5-0a81e8b09a82,RO,urban,e7b3e1c6a32c7247cd4857e4c3574165,Data Processing Systems Analyst,0148f61d4227497728ce33490843d056,Romania
344,51f65820-da04-0133-04d2-0a81e8b09a82,SE,urban,861a9b9151e11362eb3c77ca914172d0,Automatic Data Processing Planner,0148f61d4227497728ce33490843d056,Sweden
345,47ae72b0-dcbd-0133-5a9a-0a81e8b09a82,SE,urban,861a9b9151e11362eb3c77ca914172d0,Automatic Data Processing Planner,0148f61d4227497728ce33490843d056,Sweden
346,0f305680-d8a6-0133-625f-0a81e8b09a82,SE,urban,861a9b9151e11362eb3c77ca914172d0,Automatic Data Processing Planner,0148f61d4227497728ce33490843d056,Sweden
347,6bcc8a30-da16-0133-9ea0-0a81e8b09a82,SE,urban,861a9b9151e11362eb3c77ca914172d0,Automatic Data Processing Planner,0148f61d4227497728ce33490843d056,Sweden
348,102b65f0-d901-0133-c4dd-0a81e8b09a82,SE,urban,fcaf4aac737e53ad24b9f32f08b8740f,Computer or Data Processing Systems Consultant,0148f61d4227497728ce33490843d056,Sweden
349,ae5ad940-d8cf-0133-5448-0a81e8b09a82,SE,urban,fcaf4aac737e53ad24b9f32f08b8740f,Computer or Data Processing Systems Consultant,0148f61d4227497728ce33490843d056,Sweden
350,2a2467b0-d9e8-0133-262a-0a81e8b09a82,SI,urban,861a9b9151e11362eb3c77ca914172d0,Automatic Data Processing Planner,0148f61d4227497728ce33490843d056,Slovenia
351,803ce990-dc8f-0133-4f82-0a81e8b09a82,SI,rural,e7b3e1c6a32c7247cd4857e4c3574165,Data Processing Systems Analyst,0148f61d4227497728ce33490843d056,Slovenia
352,b8759640-daca-0133-7419-0a81e8b09a82,SK,urban,861a9b9151e11362eb3c77ca914172d0,Automatic Data Processing Planner,0148f61d4227497728ce33490843d056,Slovakia
353,c1ba5eb0-d9a8-0133-0c3b-0a81e8b09a82,SK,rural,861a9b9151e11362eb3c77ca914172d0,Automatic Data Processing Planner,0148f61d4227497728ce33490843d056,Slovakia
354,90b0dc80-da21-0133-e4fc-0a81e8b09a82,SK,urban,fcaf4aac737e53ad24b9f32f08b8740f,Computer or Data Processing Systems Consultant,0148f61d4227497728ce33490843d056,Slovakia
355,20327a70-dc83-0133-eb4e-0a81e8b09a82,SK,rural,fcaf4aac737e53ad24b9f32f08b8740f,Computer or Data Processing Systems Consultant,0148f61d4227497728ce33490843d056,Slovakia
356,75bb4af0-d93c-0133-bf4d-0a81e8b09a82,SK,rural,b24ece3300d2f8ab34f9553e531183d6,Data Processing Systems Project Planner,0148f61d4227497728ce33490843d056,Slovakia
357,2b6f8d30-dac7-0133-bf17-0a81e8b09a82,SK,rural,b24ece3300d2f8ab34f9553e531183d6,Data Processing Systems Project Planner,0148f61d4227497728ce33490843d056,Slovakia
358,caf04b10-dd7d-0133-ba8c-0a81e8b09a82,SK,rural,894ca61c22718617c7e2404f582153da,Data Processing Consultant,0148f61d4227497728ce33490843d056,Slovakia
359,f289ed60-d928-0133-365d-0a81e8b09a82,SK,rural,e7b3e1c6a32c7247cd4857e4c3574165,Data Processing Systems Analyst,0148f61d4227497728ce33490843d056,Slovakia
